"rule","n_targeted","dlogZ","technique","scale","composition","pct_of_centrality"
"upstream_psiE",1000,-0.320865016985111,-0.18448272022338,-0.00677224343899974,-0.129610053322732,100.440067302624
"intensity",1000,-0.320840850688216,-0.18455548989882,-0.00662402557162189,-0.129661335217775,100.432502549977
"centrality",1000,-0.319459181581739,-0.18432113099605,-0.00658277665007934,-0.128555273935609,100
"emissions",1000,-0.319279088299223,-0.18425388844999,-0.00659301201849305,-0.12843218783074,99.9436255731876
"size",1000,-0.286332952018994,-0.162682191610826,-0.006689976177641,-0.116960784230527,89.6305282575611
"upstream_1layer",1000,-0.265181114520608,-0.147497779965383,-0.00681481319505894,-0.110868521360166,83.0093889327632
"downstream",1000,-0.241409810927443,-0.129131879534994,-0.00704938179547387,-0.105228549596975,75.5682806586276
"out_degree",1000,-0.0483106248887815,-0.0148344635304756,-0.00541186008069772,-0.028064301277608,15.1226283901376
