"rule","n_targeted","dlogZ","technique","scale","composition","pct_gain_captured"
"intensity",655,-0.573868124039418,-0.498240124806735,-0.000119040902632685,-0.0755089583300498,114.894075994543
"upstream_psiE",660,-0.573363543354132,-0.497891030640664,-0.000118511611153023,-0.0753540011023155,114.515522920076
"centrality",214,-0.554015523231405,-0.482428510275015,-0.000112248078288213,-0.0714747648781016,100
"upstream_1layer",830,-0.501974829196676,-0.439940456509166,-9.98409718728911e-05,-0.0619345317156374,60.9573546933393
"emissions",78,-0.443327963083615,-0.390030621303578,-8.69754313621351e-05,-0.0532103663486742,16.9585411788329
"actual_ets",214,-0.42072359686224,-0.371480646671226,-8.07425957229124e-05,-0.0491622075952912,0
"out_degree",1273,-0.336546456418541,-0.305299165709484,-7.15773099178933e-05,-0.0311757133991382,-63.1524674724584
"downstream",768,-0.3363112142964,-0.306991155826012,-6.97476378385914e-05,-0.0292503108325486,-63.3289538723094
"size",450,-0.334066726133024,-0.302744234988983,-7.57487894207786e-05,-0.0312467423546204,-65.0128429303453
