"rule","n_targeted","dlogZ","technique","scale","composition","pct_gain_captured"
"intensity",545,-0.319764757695852,-0.184434994794218,-0.00655849856551205,-0.128771264336122,100.748252194443
"centrality",1000,-0.319459181581739,-0.18432113099605,-0.00658277665007934,-0.128555273935609,100
"upstream_psiE",408,-0.319249908943076,-0.18398011505749,-0.00658301182741483,-0.128686782058171,99.4875623326425
"emissions",78,-0.281068612646198,-0.162825798580253,-0.00675386384215293,-0.111488950223792,5.99452599454511
"actual_ets",214,-0.278620529001451,-0.164711037654664,-0.00668006838496105,-0.107229422961825,0
"upstream_1layer",773,-0.261477860400154,-0.145795943773145,-0.00676457720414869,-0.10891733942286,-41.9765773799575
"downstream",614,-0.232209462821041,-0.127273386313884,-0.00696967793572789,-0.097966398571429,-113.644949693592
"size",450,-0.220647732235325,-0.119761957792366,-0.00691382281854647,-0.0939719516244129,-141.955703979585
"out_degree",1273,-0.217173623015213,-0.122687681423253,-0.00653317304753998,-0.0879527685444191,-150.462618386917
