"rule","n_targeted","dlogZ","technique","scale","composition","pct_of_centrality"
"centrality",91,-0.48282571481491,-0.335105514337808,-0.0284414504934267,-0.119278749983676,100
"emissions",91,-0.456951704801274,-0.312883389949845,-0.0284309237402218,-0.115637391111207,94.6411284196918
"upstream_psiE",91,-0.355523882548191,-0.286261469655225,-0.010297114300753,-0.0589652985922131,73.6339991096952
"downstream",91,-0.353715155871163,-0.230476513081634,-0.0274457656438205,-0.0957928771457087,73.2593863619627
"intensity",91,-0.313749704990152,-0.255408331983332,-0.00879426540468786,-0.049547107602132,64.9819790792267
"size",91,-0.280132059914941,-0.178501781083945,-0.0239514592916051,-0.0776788195393901,58.0192917070145
"upstream_1layer",91,-0.0680793334785017,-0.0401820314987365,-0.00384965097575685,-0.0240476510040082,14.1001879952893
"out_degree",91,-0.0449883229871997,-0.0162975188765861,-0.0127858197199967,-0.0159049843906171,9.31771477922335
